ref,model,appraisal_date,condition,dealer,price_yen,accessories,source_url,use_status,note
16610,サブマリーナ デイト,2026-03-12,中古品・使用感あり,買虎,1500000,記載なし,https://hikakaku.com/category/all-category/watch/items/127258/,採用候補,代表実績
16610,サブマリーナ デイト,2026-02-17,中古品・使用感あり,買虎,1450000,記載なし,https://hikakaku.com/category/all-category/watch/items/127258/,採用候補,比較補助
16610,サブマリーナ デイト,2026-02-16,中古品・使用感あり,エステメ,1330000,記載なし,https://hikakaku.com/category/all-category/watch/items/127258/,採用候補,比較補助
16233,デイトジャスト,2024-02-12,中古美品,買取屋アップ,650000,記載なし,https://hikakaku.com/category/all-category/watch/items/676274/,採用候補,過去事例として使用
16233,デイトジャスト,2021-10-27,故障品,買取屋アップ,450000,記載なし,https://hikakaku.com/category/all-category/watch/items/676274/,参考,状態差の説明用
16233,デイトジャスト,2025-11-17,中古美品,エステメ,2080000,記載なし,https://hikakaku.com/category/all-category/watch/items/676274/,除外,ページ見出し841000円や近接実績から大きく乖離
14000,エアキング,2026-08-08,中古美品,エステメ,780000,記載なし,https://hikakaku.com/category/all-category/watch/items/2847292/,採用候補,代表実績
14000,エアキング,2025-04-23,中古美品,買虎,680000,記載なし,https://hikakaku.com/category/all-category/watch/items/2847292/,採用候補,比較補助
14000,エアキング,2025-04-22,中古美品,エステメ,600000,記載なし,https://hikakaku.com/category/all-category/watch/items/2847292/,採用候補,比較補助
14060,サブマリーナ,2024-05-31,中古品・使用感あり,買虎,1200000,記載なし,https://hikakaku.com/category/all-category/watch/items/3408826/,採用候補,代表実績
14060,サブマリーナ,2024-05-28,中古品・使用感あり,エステメ,1270000,記載なし,https://hikakaku.com/category/all-category/watch/items/3408826/,採用候補,比較補助
14060,サブマリーナ,2023-10-09,中古品・使用感あり,エステメ,1250000,記載なし,https://hikakaku.com/category/all-category/watch/items/3408826/,参考,時期差あり
16570,エクスプローラーII ホワイト,2025-02-08,中古美品,エステメ大阪支店,1100000,記載なし,https://hikakaku.com/category/all-category/watch/items/2657132/,採用候補,代表実績
16570,エクスプローラーII ホワイト,2025-01-28,中古美品,買取屋アップ,850000,記載なし,https://hikakaku.com/category/all-category/watch/items/2657132/,採用候補,比較補助
16570,エクスプローラーII ホワイト,2023-10-11,中古美品,エステメ大阪支店,1050000,記載なし,https://hikakaku.com/category/all-category/watch/items/2657132/,参考,時期差あり
16520,デイトナ,2025-06-12,中古品・使用感あり,シグマ,3000000,記載なし,https://hikakaku.com/category/all-category/watch/items/288712/,採用候補,代表実績
16520,デイトナ,2025-06-12,中古品・使用感あり,エステメ大阪支店,2850000,記載なし,https://hikakaku.com/category/all-category/watch/items/288712/,採用候補,比較補助
16520,デイトナ,2025-05-18,中古品・使用感あり,エステメ,3600000,記載なし,https://hikakaku.com/category/all-category/watch/items/288712/,採用候補,比較補助
116520,デイトナ ブラック,2026-03-06,中古美品,アサカの買取,3750000,記載なし,https://hikakaku.com/category/all-category/watch/high_brand_watch/rolex-men/daytona-men/assessment_achievements/,採用候補,代表実績
116520,デイトナ ブラック,2024-07-25,中古美品,買虎,3300000,記載なし,https://hikakaku.com/category/all-category/watch/items/125921/,採用候補,比較補助
116520,デイトナ ブラック,2024-12-05,目立つ傷がある,買取天国ティキソルtikisol,2000000,記載なし,https://hikakaku.com/category/all-category/watch/items/125921/,参考,状態差の説明用
116520,デイトナ ブラック,2022-02-28,中古美品,エステメ,42000000,記載なし,https://hikakaku.com/category/all-category/watch/items/125921/,除外,桁誤りとみられる
16700,GMTマスター N番 赤青ベゼル,2025-11-13,中古美品,買虎,1800000,記載なし,https://hikakaku.com/category/all-category/watch/high_brand_watch/rolex-men/gmt-master/assessment_achievements/,採用候補,代表実績
16700,GMTマスター N番 赤青ベゼル,2025-11-09,中古美品,銀座パリス 梅田店,1700000,記載なし,https://hikakaku.com/category/all-category/watch/high_brand_watch/rolex-men/gmt-master/assessment_achievements/,採用候補,比較補助
16700,GMTマスター,2025-10-13,中古美品,エステメ,1650000,記載なし,https://hikakaku.com/category/all-category/watch/high_brand_watch/rolex-men/gmt-master/assessment_achievements/,採用候補,比較補助
16700,GMTマスター E番,2020-07-15,中古品・使用感あり,買取屋アップ,850000,保証書なし・ガラス欠け・ブレスよれ,https://hikakaku.com/category/all-category/watch/high_brand_watch/rolex-men/gmt-master/assessment_achievements/,参考,付属品と状態の明記あり
116500LN,デイトナ ブラック,2026-04-16,中古美品,買虎,4100000,記載なし,https://hikakaku.com/category/all-category/watch/items/1034255/,採用候補,代表実績
116500LN,デイトナ ブラック,2026-04-15,中古美品,買取天国ティキソルtikisol,3500000,記載なし,https://hikakaku.com/category/all-category/watch/items/1034255/,採用候補,比較補助
116500LN,デイトナ ブラック,2026-04-03,中古品・使用感あり,アサカの買取,5150000,記載なし,https://hikakaku.com/category/all-category/watch/items/1034255/,除外,同型黒の近接実績より上振れが大きく比較カードには不採用
116500LN,デイトナ ブラック,2022-03-19,中古美品,エステメ,48500000,記載なし,https://hikakaku.com/category/all-category/watch/items/1034255/,除外,桁誤りとみられる
16234,デイトジャスト ブラック,2025-12-10,中古品・使用感あり,買虎,1000000,記載なし,https://hikakaku.com/category/all-category/watch/items/2846863/,採用候補,代表実績
16234,デイトジャスト ブラック,2025-12-10,中古品・使用感あり,Watch7,700000,記載なし,https://hikakaku.com/category/all-category/watch/items/2846863/,採用候補,比較補助・別掲載実績
16234,デイトジャスト ブラック,2025-09-30,中古品・使用感あり,買虎,1010000,記載なし,https://hikakaku.com/category/all-category/watch/items/2846863/,採用候補,比較補助
16013,デイトジャスト,2026-02-12,中古品・使用感あり,エステメ 福岡天神店,950000,記載なし,https://hikakaku.com/category/all-category/watch/items/288862/,採用候補,代表実績
16013,デイトジャスト,2025-07-04,中古美品,エステメ,750000,記載なし,https://hikakaku.com/category/all-category/watch/items/288862/,採用候補,比較補助
16013,デイトジャスト,2024-01-28,中古品・使用感あり,エステメ大阪支店,640000,記載なし,https://hikakaku.com/category/all-category/watch/items/288862/,参考,時期差あり
15200,オイスターパーペチュアルデイト N番,2022-05-11,中古品・使用感あり,エステメ,450000,記載なし,https://hikakaku.com/category/all-category/watch/items/3536029/,採用候補,過去の実際の査定事例としてのみ使用
15200,オイスターパーペチュアルデイト N番,2022-01-14,中古美品,エステメ,470000,記載なし,https://hikakaku.com/category/all-category/watch/items/3536029/,参考,同一業者・古い事例
116610LN,サブマリーナ,2025-02-13,中古品・使用感あり,エステメ 福岡天神店,1950000,記載なし,https://hikakaku.com/category/all-category/watch/items/2847312/,採用候補,代表実績
116610LN,サブマリーナ,2025-01-16,中古美品,エステメ大阪支店,2080000,記載なし,https://hikakaku.com/category/all-category/watch/items/2847312/,採用候補,比較補助
116610LN,サブマリーナ,2024-12-22,中古美品,エステメ,1900000,記載なし,https://hikakaku.com/category/all-category/watch/items/2847312/,採用候補,比較補助
116610LN,サブマリーナ,2024-12-22,中古美品,買取天国ティキソルtikisol,1100000,記載なし,https://hikakaku.com/category/all-category/watch/items/2847312/,参考,同日の別掲載だが同一個体とは確認できない
124060,サブマリーナ,2025-11-06,中古美品,エステメ 福岡天神店,1750000,記載なし,https://hikakaku.com/category/all-category/watch/items/3785900/,採用候補,代表実績
124060,サブマリーナ,2025-10-19,中古美品,エステメ 福岡天神店,1780000,記載なし,https://hikakaku.com/category/all-category/watch/items/3785900/,採用候補,比較補助
124060,サブマリーナ,2025-08-13,中古美品,エステメ 神戸三宮店,1680000,記載なし,https://hikakaku.com/category/all-category/watch/items/3785900/,採用候補,比較補助
124060,サブマリーナ,2022-02-19,中古美品,エステメ,17500000,記載なし,https://hikakaku.com/category/all-category/watch/items/3785900/,除外,桁誤りとみられる
16710,GMTマスターII,2026-06-29,中古美品,エステメ,1800000,記載なし,https://hikakaku.com/category/all-category/watch/high_brand_watch/rolex-men/gmt-master-ii-men/assessment_achievements/,採用候補,代表実績
16710,GMTマスターII,2026-06-28,中古美品,戸越銀座屋,1850000,記載なし,https://hikakaku.com/category/all-category/watch/high_brand_watch/rolex-men/gmt-master-ii-men/assessment_achievements/,採用候補,比較補助
16710,GMTマスターII A番,2025-12-26,中古美品,買虎,2050000,記載なし,https://hikakaku.com/category/all-category/watch/high_brand_watch/rolex-men/gmt-master-ii-men/assessment_achievements/,参考,シリアル差あり
16710,GMTマスターII,2018-04-27,中古品・使用感あり,ネクストプラス 市川店,800000,箱・保証書・余りコマ12,https://hikakaku.com/category/all-category/watch/high_brand_watch/rolex-men/gmt-master/assessment_achievements/,参考,付属品記載がある古い事例
126610LN,サブマリーナ デイト,2026-08-19,中古美品,エステメ 福岡天神店,2030000,記載なし,https://hikakaku.com/category/all-category/watch/items/3785901/,採用候補,代表実績
126610LN,サブマリーナ デイト,2026-03-12,中古品・使用感あり,買虎,2200000,記載なし,https://hikakaku.com/category/all-category/watch/items/3785901/,採用候補,比較補助
126610LN,サブマリーナ デイト,2025-08-08,中古品・使用感あり,おたからや,1980000,記載なし,https://hikakaku.com/category/all-category/watch/items/3785901/,採用候補,比較補助
126610LN,サブマリーナ デイト,2022-05-03,中古美品,エステメ,26000000,記載なし,https://hikakaku.com/category/all-category/watch/items/3785901/,除外,桁誤りとみられる
